Rank,Surname,Incidence,Frequency
1,Otieno,"547,628","1.185857917%","1:84"
2,Mohamed,"496,642","1.075450575%","1:93"
3,Mwangi,"479,601","1.038549239%","1:96"
4,Odhiambo,"351,165","0.760428238%","1:132"
5,Maina,"350,099","0.758119875%","1:132"
6,Ochieng,"336,595","0.728877715%","1:137"
7,Ali,"268,460","0.581335170%","1:172"
8,Kamau,"262,692","0.568844887%","1:176"
9,Omondi,"262,542","0.568520070%","1:176"
10,Onyango,"261,479","0.566218203%","1:177"
11,Juma,"240,401","0.520574969%","1:192"
12,Hassan,"235,163","0.509232372%","1:196"
13,Abdi,"229,333","0.496607832%","1:201"
14,Wambui,"223,175","0.483273026%","1:207"
15,Atieno,"223,143","0.483203731%","1:207"
16,Wanjiku,"217,242","0.470425445%","1:213"
17,Njoroge,"215,897","0.467512922%","1:214"
18,Njeri,"212,140","0.459377348%","1:218"
19,Kariuki,"202,191","0.437833343%","1:228"
20,Akinyi,"196,693","0.425927730%","1:235"
21,Wafula,"186,183","0.403168911%","1:248"
22,Achieng,"184,543","0.399617583%","1:250"
23,Muthoni,"180,418","0.390685125%","1:256"
24,Ouma,"179,723","0.389180141%","1:257"
25,Ahmed,"168,792","0.365509670%","1:274"
26,Kimani,"158,089","0.342332920%","1:292"
27,Hussein,"154,897","0.335420822%","1:298"
28,Adan,"150,018","0.324855619%","1:308"
29,Mutua,"149,385","0.323484893%","1:309"
30,Abdullahi,"147,057","0.318443739%","1:314"
31,Adhiambo,"145,622","0.315336326%","1:317"
32,Cheruiyot,"143,087","0.309846925%","1:323"
33,Njuguna,"140,846","0.304994164%","1:328"
34,Kibet,"139,911","0.302969474%","1:330"
35,Simiyu,"137,516","0.297783235%","1:336"
36,Macharia,"134,886","0.292088116%","1:342"
37,Wanjala,"128,037","0.277256988%","1:361"
38,Barasa,"124,948","0.270567931%","1:370"
39,Wambua,"123,243","0.266875849%","1:375"
40,Wairimu,"119,924","0.259688739%","1:385"
41,Chebet,"119,331","0.258404631%","1:387"
42,Koech,"118,907","0.257486482%","1:388"
43,Ibrahim,"116,609","0.252510291%","1:396"
44,Omar,"116,471","0.252211460%","1:396"
45,Nyambura,"115,856","0.250879712%","1:399"
46,Rotich,"113,639","0.246078922%","1:406"
47,Karanja,"113,221","0.245173766%","1:408"
48,Anyango,"112,185","0.242930366%","1:412"
49,Wangui,"108,021","0.233913456%","1:428"
50,Wekesa,"107,571","0.232939006%","1:429"
51,Okoth,"106,593","0.230821201%","1:433"
52,Langat,"105,620","0.228714224%","1:437"
53,Chepkemoi,"105,284","0.227986635%","1:439"
54,Mutuku,"104,688","0.226696030%","1:441"
55,Owino,"98,774","0.213889593%","1:468"
56,Wangari,"97,627","0.211405828%","1:473"
57,Njoki,"97,558","0.211256412%","1:473"
58,Awuor,"96,435","0.208824619%","1:479"
59,Musyoka,"95,060","0.205847133%","1:486"
60,Nyongesa,"94,747","0.205169349%","1:487"
61,Cherotich,"94,101","0.203770472%","1:491"
62,Wanyonyi,"93,738","0.202984415%","1:493"
63,Chepkoech,"93,226","0.201875708%","1:495"
64,Korir,"92,624","0.200572110%","1:499"
65,Chelangat,"91,903","0.199010825%","1:502"
66,Kiptoo,"91,734","0.198644865%","1:503"
67,Mwendwa,"89,760","0.194370278%","1:514"
68,Mbugua,"88,850","0.192399724%","1:520"
69,Chege,"88,135","0.190851431%","1:524"
70,Waweru,"88,095","0.190764813%","1:524"
71,Kinyua,"87,525","0.189530510%","1:528"
72,Ngugi,"87,161","0.188742288%","1:530"
73,Kiprotich,"86,286","0.186847525%","1:535"
74,Kipkoech,"84,973","0.184004296%","1:543"
75,Oduor,"83,470","0.180749633%","1:553"
76,Mburu,"81,782","0.177094364%","1:565"
77,Akoth,"81,526","0.176540010%","1:566"
78,Kirui,"81,350","0.176158892%","1:568"
79,Mwende,"81,107","0.175632689%","1:569"
80,Kioko,"80,994","0.175387993%","1:570"
81,Gitonga,"80,981","0.175359843%","1:570"
82,Rono,"79,094","0.171273649%","1:584"
83,Auma,"78,833","0.170708468%","1:586"
84,Mwaura,"77,146","0.167055364%","1:599"
85,Muriithi,"77,143","0.167048868%","1:599"
86,Gitau,"77,120","0.166999062%","1:599"
87,Munene,"76,782","0.166267142%","1:601"
88,Wachira,"75,169","0.162774281%","1:614"
89,Irungu,"74,541","0.161414382%","1:620"
90,Njeru,"73,665","0.159517452%","1:627"
91,Kemboi,"73,012","0.158103417%","1:632"
92,Mutai,"72,829","0.157707141%","1:634"
93,Cherono,"71,825","0.155533035%","1:643"
94,Kimutai,"71,460","0.154742648%","1:646"
95,Ndungu,"70,212","0.152040173%","1:658"
96,Nyaga,"70,171","0.151951390%","1:658"
97,Mutinda,"70,015","0.151613581%","1:660"
98,Ndung'u,"69,993","0.151565941%","1:660"
99,Chepkorir,"69,975","0.151526963%","1:660"
100,Ng'ang'a,"69,050","0.149523927%","1:669"
101,Chepkirui,"68,470","0.148267969%","1:674"
102,Kiprono,"68,150","0.147575027%","1:678"
103,Mungai,"66,825","0.144705814%","1:691"
104,Bett,"65,663","0.142189567%","1:703"
105,Muriuki,"65,566","0.141979519%","1:704"
106,Mwenda,"64,758","0.140229840%","1:713"
107,Yussuf,"64,452","0.139567214%","1:717"
108,Njenga,"63,933","0.138443349%","1:722"
109,Said,"63,662","0.137856513%","1:725"
110,Osman,"63,657","0.137845686%","1:725"
111,Kiprop,"62,974","0.136366688%","1:733"
112,Mohamud,"62,889","0.136182625%","1:734"
113,Kiplagat,"62,328","0.134967811%","1:741"
114,Kipkorir,"62,126","0.134530391%","1:743"
115,Awino,"61,227","0.132583657%","1:754"
116,John,"61,100","0.132308645%","1:756"
117,Mwaniki,"61,086","0.132278329%","1:756"
118,Charo,"60,342","0.130667238%","1:765"
119,Murithi,"60,217","0.130396558%","1:767"
120,Mugo,"57,992","0.125578444%","1:796"
121,Kosgei,"57,956","0.125500488%","1:797"
122,Makokha,"57,234","0.123937038%","1:807"
123,Kyalo,"57,206","0.123876405%","1:807"
124,Karisa,"56,878","0.123166139%","1:812"
125,Ngetich,"56,211","0.121721788%","1:822"
126,Okumu,"55,884","0.121013688%","1:826"
127,Kinyanjui,"55,378","0.119917973%","1:834"
128,Chepngetich,"54,917","0.118919703%","1:841"
129,Peter,"54,885","0.118850409%","1:841"
130,Maalim,"54,858","0.118791942%","1:842"
131,Issack,"54,539","0.118101165%","1:847"
132,Muli,"54,382","0.117761190%","1:849"
133,Kazungu,"53,957","0.116840877%","1:856"
134,Katana,"53,518","0.115890247%","1:863"
135,Kimathi,"52,873","0.114493535%","1:873"
136,Kiplangat,"52,431","0.113536409%","1:881"
137,Wamalwa,"51,882","0.112347580%","1:890"
138,Momanyi,"51,827","0.112228480%","1:891"
139,Musyoki,"51,456","0.111425101%","1:897"
140,Kuria,"51,173","0.110812280%","1:902"
141,Mutisya,"50,707","0.109803183%","1:911"
142,Cheptoo,"50,598","0.109567149%","1:913"
143,Kipngetich,"50,529","0.109417734%","1:914"
144,Wainaina,"50,204","0.108713964%","1:920"
145,Chemutai,"49,920","0.108098978%","1:925"
146,Muchiri,"49,540","0.107276109%","1:932"
147,Nyakundi,"49,037","0.106186891%","1:942"
148,Wanyama,"48,534","0.105097672%","1:951"
149,Sheikh,"48,463","0.104943926%","1:953"
150,Mohammed,"47,941","0.103813564%","1:963"
151,Mugambi,"47,759","0.103419453%","1:967"
152,Kipchumba,"47,241","0.102297753%","1:978"
153,Nekesa,"47,218","0.102247948%","1:978"
154,Wanja,"47,113","0.102020576%","1:980"
155,Moraa,"46,421","0.100522089%","1:995"
156,Odongo,"46,331","0.100327199%","1:997"
157,Opiyo,"46,052","0.099723040%","1:1,003"
158,Noor,"45,619","0.098785402%","1:1,012"
159,Kahindi,"45,559","0.098655476%","1:1,014"
160,Muiruri,"45,073","0.097603070%","1:1,025"
161,Chepngeno,"44,961","0.097360540%","1:1,027"
162,Mutunga,"44,645","0.096676260%","1:1,034"
163,Mueni,"44,394","0.096132733%","1:1,040"
164,Njagi,"43,980","0.095236239%","1:1,050"
165,Ndegwa,"43,635","0.094489161%","1:1,058"
166,Karimi,"43,616","0.094448017%","1:1,059"
167,Nganga,"43,506","0.094209819%","1:1,061"
168,Nyabuto,"43,247","0.093648968%","1:1,068"
169,Wanjohi,"43,147","0.093432424%","1:1,070"
170,Kipruto,"42,995","0.093103277%","1:1,074"
171,David,"42,903","0.092904056%","1:1,076"
172,Aden,"42,889","0.092873739%","1:1,077"
173,Musa,"42,868","0.092828265%","1:1,077"
174,Chepkwony,"42,746","0.092564081%","1:1,080"
175,Sang,"42,397","0.091808341%","1:1,089"
176,Okello,"42,324","0.091650263%","1:1,091"
177,Oluoch,"42,068","0.091095910%","1:1,098"
178,Ndirangu,"41,441","0.089738176%","1:1,114"
179,Munyao,"41,400","0.089649393%","1:1,115"
179,Murimi,"41,400","0.089649393%","1:1,115"
181,Mumo,"41,239","0.089300756%","1:1,120"
182,Kipchirchir,"41,034","0.088856840%","1:1,125"
183,Mwikali,"40,818","0.088389104%","1:1,131"
184,Njogu,"40,508","0.087717817%","1:1,140"
185,Makena,"40,217","0.087087672%","1:1,148"
186,Owuor,"40,148","0.086938257%","1:1,150"
187,Ngeno,"40,003","0.086624267%","1:1,154"
188,Mukami,"39,983","0.086580958%","1:1,155"
189,Kerubo,"39,738","0.086050425%","1:1,162"
190,Githinji,"39,295","0.085091133%","1:1,175"
191,Joseph,"39,100","0.084668871%","1:1,181"
192,Kipkirui,"39,063","0.084588750%","1:1,182"
193,Makau,"38,832","0.084088532%","1:1,189"
194,Kendi,"38,629","0.083648947%","1:1,195"
195,Mwanzia,"38,247","0.082821747%","1:1,207"
196,Ondieki,"37,623","0.081470510%","1:1,227"
197,Mutheu,"36,881","0.079863750%","1:1,252"
198,Mulwa,"36,860","0.079818276%","1:1,253"
199,Muema,"36,840","0.079774967%","1:1,254"
200,Kilonzo,"36,646","0.079354871%","1:1,260"
201,Cherop,"36,496","0.079030054%","1:1,265"
202,Muturi,"36,034","0.078029619%","1:1,282"
203,Kiarie,"35,949","0.077845556%","1:1,285"
204,Musembi,"35,868","0.077670155%","1:1,287"
205,Waithira,"35,668","0.077237066%","1:1,295"
206,Mutiso,"35,452","0.076769330%","1:1,303"
207,Kipkemoi,"35,366","0.076583102%","1:1,306"
208,Karani,"35,162","0.076141352%","1:1,313"
209,Mwita,"35,097","0.076000598%","1:1,316"
210,Waithera,"35,016","0.075825197%","1:1,319"
211,Kirimi,"35,011","0.075814369%","1:1,319"
212,Gatwiri,"35,005","0.075801377%","1:1,319"
213,Wambugu,"34,981","0.075749406%","1:1,320"
214,Mumbi,"34,904","0.075582667%","1:1,323"
215,Ruto,"34,664","0.075062960%","1:1,332"
216,Makori,"34,524","0.074759798%","1:1,338"
217,Nanjala,"34,164","0.073980238%","1:1,352"
218,Maingi,"34,084","0.073807003%","1:1,355"
219,Chacha,"33,936","0.073486517%","1:1,361"
220,Mwangangi,"33,906","0.073421554%","1:1,362"
221,Muhumed,"33,830","0.073256980%","1:1,365"
222,Nduta,"33,753","0.073090241%","1:1,368"
223,Abdalla,"33,513","0.072570534%","1:1,378"
224,Njiru,"33,174","0.071836448%","1:1,392"
225,Wanjiru,"33,117","0.071713018%","1:1,394"
226,Tanui,"32,692","0.070792704%","1:1,413"
227,Nasimiyu,"32,617","0.070630296%","1:1,416"
228,Lagat,"32,603","0.070599980%","1:1,416"
229,Mwiti,"32,530","0.070441902%","1:1,420"
230,Kinuthia,"32,501","0.070379104%","1:1,421"
231,Kawira,"32,342","0.070034799%","1:1,428"
232,Ogutu,"32,289","0.069920030%","1:1,430"
233,Farah,"31,886","0.069047356%","1:1,448"
234,Rutto,"31,647","0.068529815%","1:1,459"
235,Guyo,"31,643","0.068521153%","1:1,459"
236,Oloo,"31,642","0.068518988%","1:1,459"
237,Musau,"31,637","0.068508160%","1:1,460"
238,Chirchir,"31,559","0.068339256%","1:1,463"
239,Yegon,"31,407","0.068010108%","1:1,470"
240,Nduku,"31,384","0.067960303%","1:1,471"
241,Salim,"31,210","0.067583516%","1:1,480"
242,Kwamboka,"31,148","0.067449258%","1:1,483"
243,Kinya,"31,083","0.067308504%","1:1,486"
244,Were,"30,614","0.066292911%","1:1,508"
245,Too,"30,180","0.065353108%","1:1,530"
246,Mutuma,"30,093","0.065164715%","1:1,535"
247,Odero,"29,806","0.064543232%","1:1,549"
248,James,"29,722","0.064361335%","1:1,554"
249,Abdirahman,"29,674","0.064257393%","1:1,556"
250,Bakari,"29,486","0.063850290%","1:1,566"
251,Mutwiri,"29,456","0.063785327%","1:1,568"
252,Gakii,"29,447","0.063765838%","1:1,568"
253,Omollo,"29,444","0.063759341%","1:1,568"
254,Mbithi,"29,254","0.063347907%","1:1,579"
255,Wesonga,"28,889","0.062557520%","1:1,599"
256,Mboya,"28,185","0.061033047%","1:1,638"
257,Kipsang,"28,154","0.060965918%","1:1,640"
258,Muia,"27,656","0.059887527%","1:1,670"
259,Masinde,"27,381","0.059292030%","1:1,687"
260,Gathoni,"27,327","0.059175096%","1:1,690"
261,Muthui,"27,313","0.059144779%","1:1,691"
262,Kiplimo,"27,291","0.059097140%","1:1,692"
263,Kipngeno,"27,239","0.058984537%","1:1,695"
264,Kipkemboi,"27,152","0.058796143%","1:1,701"
265,Paul,"27,149","0.058789647%","1:1,701"
266,Thuo,"26,986","0.058436679%","1:1,711"
267,Nkatha,"26,732","0.057886656%","1:1,728"
268,Wasike,"26,648","0.057704759%","1:1,733"
269,Ngigi,"26,297","0.056944688%","1:1,756"
270,Kipyegon,"26,241","0.056823423%","1:1,760"
271,Mokaya,"26,185","0.056702158%","1:1,764"
272,Mutembei,"26,132","0.056587390%","1:1,767"
273,Wandera,"26,105","0.056528923%","1:1,769"
274,Nderitu,"25,942","0.056175955%","1:1,780"
275,Mwai,"25,783","0.055831650%","1:1,791"
276,Nyawira,"25,631","0.055502502%","1:1,802"
277,Kimeu,"25,559","0.055346590%","1:1,807"
278,Jepchirchir,"25,395","0.054991457%","1:1,818"
279,Okeyo,"25,333","0.054857200%","1:1,823"
280,Naliaka,"25,316","0.054820387%","1:1,824"
281,Chepkurui,"25,230","0.054634159%","1:1,830"
282,Maiyo,"25,227","0.054627663%","1:1,831"
283,Jeptoo,"25,201","0.054571361%","1:1,832"
284,Samuel,"25,032","0.054205401%","1:1,845"
285,Bundi,"24,783","0.053666205%","1:1,863"
286,Ngari,"24,763","0.053622897%","1:1,865"
287,Mbogo,"24,648","0.053373870%","1:1,874"
288,Kipkosgei,"24,593","0.053254771%","1:1,878"
289,Kipkurui,"24,564","0.053191973%","1:1,880"
290,Chelimo,"24,451","0.052947278%","1:1,889"
291,Baya,"24,243","0.052496866%","1:1,905"
292,Ngala,"24,220","0.052447060%","1:1,907"
293,Waithaka,"24,032","0.052039957%","1:1,922"
294,Omari,"24,018","0.052009641%","1:1,923"
295,Aoko,"23,996","0.051962001%","1:1,924"
296,Kimanzi,"23,879","0.051708644%","1:1,934"
297,Ooko,"23,820","0.051580883%","1:1,939"
298,Njue,"23,741","0.051409812%","1:1,945"
299,Mutugi,"23,735","0.051396820%","1:1,946"
300,Ndunge,"23,684","0.051286382%","1:1,950"
301,Kenga,"23,573","0.051046018%","1:1,959"
302,Jepkoech,"23,525","0.050942077%","1:1,963"
303,Bosire,"23,400","0.050671396%","1:1,974"
304,Wangechi,"23,391","0.050651907%","1:1,974"
305,Ntinyari,"23,293","0.050439693%","1:1,983"
306,Kathambi,"23,254","0.050355241%","1:1,986"
307,Morara,"23,124","0.050073733%","1:1,997"
308,Nzioka,"23,096","0.050013101%","1:1,999"
309,Sifuna,"23,064","0.049943807%","1:2,002"
310,Kanini,"23,058","0.049930814%","1:2,003"
311,Mukhwana,"23,009","0.049824707%","1:2,007"
312,Njau,"22,816","0.049406777%","1:2,024"
313,Mwirigi,"22,698","0.049151254%","1:2,035"
314,Munga,"22,671","0.049092787%","1:2,037"
315,Tsuma,"22,583","0.048902228%","1:2,045"
316,Kirwa,"22,575","0.048884904%","1:2,046"
317,Kigen,"22,567","0.048867581%","1:2,046"
318,Mathenge,"22,446","0.048605562%","1:2,057"
319,Daniel,"22,221","0.048118337%","1:2,078"
320,Odiwuor,"22,208","0.048090186%","1:2,079"
321,Kassim,"22,115","0.047888800%","1:2,088"
322,Mutie,"22,092","0.047838995%","1:2,090"
323,Oketch,"22,033","0.047711234%","1:2,096"
324,Mose,"21,996","0.047631112%","1:2,099"
325,Kithinji,"21,835","0.047282476%","1:2,115"
326,Kathure,"21,784","0.047172038%","1:2,120"
327,Gichuki,"21,722","0.047037781%","1:2,126"
328,Oyugi,"21,709","0.047009630%","1:2,127"
329,Chepchirchir,"21,628","0.046834229%","1:2,135"
330,Tonui,"21,537","0.046637173%","1:2,144"
331,Mutethia,"21,517","0.046593864%","1:2,146"
332,Muthomi,"21,510","0.046578706%","1:2,147"
333,Jemutai,"21,338","0.046206250%","1:2,164"
334,Safari,"21,319","0.046165106%","1:2,166"
335,Cheruto,"21,220","0.045950727%","1:2,176"
336,Ekai,"21,218","0.045946397%","1:2,176"
337,Wangeci,"21,160","0.045820801%","1:2,182"
338,Biwott,"21,089","0.045667054%","1:2,190"
339,Tarus,"21,061","0.045606422%","1:2,193"
340,Koskei,"21,059","0.045602091%","1:2,193"
341,Keter,"20,946","0.045357396%","1:2,205"
342,Nyaboke,"20,938","0.045340072%","1:2,206"
343,Muthee,"20,861","0.045173333%","1:2,214"
344,Kamande,"20,830","0.045106204%","1:2,217"
345,Masika,"20,766","0.044967616%","1:2,224"
346,Khaemba,"20,716","0.044859344%","1:2,229"
347,Njambi,"20,700","0.044824696%","1:2,231"
348,Wangila,"20,670","0.044759733%","1:2,234"
349,Jerop,"20,639","0.044692604%","1:2,238"
350,Mogaka,"20,595","0.044597325%","1:2,242"
351,Issak,"20,547","0.044493383%","1:2,248"
352,Odera,"20,544","0.044486887%","1:2,248"
353,Kitsao,"20,509","0.044411097%","1:2,252"
354,Dahir,"20,488","0.044365622%","1:2,254"
355,Jebet,"20,456","0.044296328%","1:2,258"
356,Muthoka,"20,417","0.044211876%","1:2,262"
357,Haji,"20,364","0.044097107%","1:2,268"
358,Muigai,"20,358","0.044084115%","1:2,268"
359,Kanana,"20,354","0.044075453%","1:2,269"
360,Ojwang,"20,340","0.044045137%","1:2,270"
361,Waswa,"20,273","0.043900052%","1:2,278"
362,Nzomo,"20,177","0.043692169%","1:2,289"
363,Munyoki,"20,166","0.043668349%","1:2,290"
364,Osoro,"20,142","0.043616379%","1:2,293"
365,Kemei,"20,115","0.043557912%","1:2,296"
366,Kombo,"20,088","0.043499445%","1:2,299"
367,Hamisi,"20,043","0.043402000%","1:2,304"
368,Wanyoike,"20,030","0.043373849%","1:2,306"
369,Chesang,"19,994","0.043295893%","1:2,310"
370,Mugendi,"19,992","0.043291562%","1:2,310"
371,Owiti,"19,913","0.043120492%","1:2,319"
372,Jeruto,"19,792","0.042858473%","1:2,333"
373,Jepchumba,"19,694","0.042646260%","1:2,345"
374,Ronoh,"19,677","0.042609447%","1:2,347"
375,Yego,"19,664","0.042581296%","1:2,348"
376,Baraka,"19,543","0.042319277%","1:2,363"
377,Wahome,"19,541","0.042314947%","1:2,363"
378,Ireri,"19,446","0.042109229%","1:2,375"
379,Ogola,"19,430","0.042074582%","1:2,377"
380,Mbithe,"19,341","0.041881858%","1:2,388"
381,Aluoch,"19,331","0.041860203%","1:2,389"
382,Salat,"19,251","0.041686968%","1:2,399"
383,Nkirote,"19,095","0.041349158%","1:2,418"
384,Bii,"18,986","0.041113125%","1:2,432"
385,Nyamai,"18,965","0.041067651%","1:2,435"
386,Musyimi,"18,947","0.041028673%","1:2,437"
387,Ndanu,"18,878","0.040879257%","1:2,446"
388,Ismail,"18,821","0.040755827%","1:2,454"
389,Mbuthia,"18,747","0.040595584%","1:2,463"
390,Muendo,"18,693","0.040478650%","1:2,470"
391,Ngure,"18,597","0.040270767%","1:2,483"
392,Limo,"18,578","0.040229624%","1:2,486"
393,Ochola,"18,547","0.040162495%","1:2,490"
394,Moses,"18,538","0.040143006%","1:2,491"
395,Rop,"18,510","0.040082374%","1:2,495"
396,Nyokabi,"18,509","0.040080208%","1:2,495"
397,Komen,"18,477","0.040010914%","1:2,499"
398,Kihara,"18,413","0.039872325%","1:2,508"
399,Mmbone,"18,337","0.039707752%","1:2,518"
400,Mumbua,"18,321","0.039673105%","1:2,521"
401,Murugi,"18,310","0.039649285%","1:2,522"
402,Boru,"18,263","0.039547509%","1:2,529"
403,Ndinda,"18,233","0.039482545%","1:2,533"
404,Sikuku,"18,202","0.039415417%","1:2,537"
405,Muthama,"18,157","0.039317972%","1:2,543"
406,Kiragu,"18,147","0.039296317%","1:2,545"
407,Jepkosgei,"18,144","0.039289821%","1:2,545"
408,Mukiri,"18,128","0.039255174%","1:2,547"
409,Alio,"18,076","0.039142571%","1:2,555"
410,Wanjira,"18,058","0.039103593%","1:2,557"
411,Mokua,"18,053","0.039092765%","1:2,558"
412,Opondo,"18,010","0.038999651%","1:2,564"
413,Wario,"17,858","0.038670504%","1:2,586"
414,Muinde,"17,810","0.038566563%","1:2,593"
415,Suleiman,"17,732","0.038397658%","1:2,604"
416,Orina,"17,645","0.038209264%","1:2,617"
417,Khisa,"17,591","0.038092330%","1:2,625"
418,Ouko,"17,500","0.037895275%","1:2,639"
419,Jepkemboi,"17,429","0.037741528%","1:2,650"
420,Michael,"17,397","0.037672234%","1:2,654"
421,Murage,"17,321","0.037507660%","1:2,666"
422,Jerotich,"17,234","0.037319267%","1:2,680"
423,Kibe,"17,222","0.037293281%","1:2,681"
424,Gitari,"17,201","0.037247807%","1:2,685"
425,Chepchumba,"17,150","0.037137369%","1:2,693"
426,Ndolo,"17,107","0.037044255%","1:2,699"
427,Simon,"17,082","0.036990119%","1:2,703"
428,Mugure,"17,077","0.036979292%","1:2,704"
429,Abdille,"17,076","0.036977126%","1:2,704"
430,Abdallah,"16,950","0.036704280%","1:2,724"
431,Odoyo,"16,946","0.036695619%","1:2,725"
432,Wawira,"16,932","0.036665302%","1:2,727"
433,Kaingu,"16,835","0.036455254%","1:2,743"
434,Ombati,"16,780","0.036336155%","1:2,752"
435,Muhonja,"16,709","0.036182408%","1:2,764"
436,Muriungi,"16,705","0.036173747%","1:2,764"
437,Kimeli,"16,692","0.036145596%","1:2,767"
438,Stephen,"16,653","0.036061143%","1:2,773"
439,Nelima,"16,622","0.035994015%","1:2,778"
440,Musili,"16,574","0.035890073%","1:2,786"
441,Jepkorir,"16,500","0.035729831%","1:2,799"
442,Deng,"16,499","0.035727665%","1:2,799"
443,Toroitich,"16,464","0.035651875%","1:2,805"
444,Obonyo,"16,395","0.035502459%","1:2,817"
445,Ndiritu,"16,356","0.035418007%","1:2,823"
446,Omwenga,"16,353","0.035411510%","1:2,824"
447,Bashir,"16,340","0.035383359%","1:2,826"
448,Kalama,"16,324","0.035348712%","1:2,829"
449,Sigei,"16,267","0.035225282%","1:2,839"
450,Nabwire,"16,239","0.035164650%","1:2,844"
451,Kurgat,"16,222","0.035127837%","1:2,847"
452,Maritim,"16,158","0.034989249%","1:2,858"
453,Okinyi,"16,103","0.034870149%","1:2,868"
454,Wamaitha,"16,066","0.034790028%","1:2,874"
455,Emmanuel,"15,981","0.034605965%","1:2,890"
456,Rashid,"15,957","0.034553994%","1:2,894"
457,Mbuvi,"15,918","0.034469542%","1:2,901"
458,Thuku,"15,827","0.034272487%","1:2,918"
459,Sammy,"15,794","0.034201027%","1:2,924"
460,Bahati,"15,750","0.034105747%","1:2,932"
461,Obiero,"15,743","0.034090589%","1:2,933"
462,Ndege,"15,566","0.033707306%","1:2,967"
463,Koome,"15,550","0.033672658%","1:2,970"
464,Masai,"15,523","0.033614191%","1:2,975"
465,Gacheri,"15,522","0.033612026%","1:2,975"
466,Charles,"15,480","0.033521077%","1:2,983"
467,Nthenya,"15,475","0.033510250%","1:2,984"
468,Kinoti,"15,458","0.033473438%","1:2,987"
469,Muteti,"15,344","0.033226577%","1:3,010"
470,Shikuku,"15,267","0.033059838%","1:3,025"
471,Francis,"15,240","0.033001371%","1:3,030"
472,Mwanza,"15,183","0.032877940%","1:3,042"
473,Omolo,"15,061","0.032613756%","1:3,066"
474,Nzuki,"15,038","0.032563951%","1:3,071"
475,Mutegi,"15,012","0.032507649%","1:3,076"
476,Kiptanui,"14,939","0.032349572%","1:3,091"
477,Nzioki,"14,922","0.032312759%","1:3,095"
478,Ayuma,"14,875","0.032210984%","1:3,105"
479,Masha,"14,858","0.032174171%","1:3,108"
480,Chumba,"14,808","0.032065899%","1:3,119"
481,Jillo,"14,798","0.032044244%","1:3,121"
482,Nduati,"14,774","0.031992274%","1:3,126"
483,Kitheka,"14,763","0.031968454%","1:3,128"
484,Jerono,"14,758","0.031957627%","1:3,129"
485,Wayua,"14,727","0.031890498%","1:3,136"
486,Mureithi,"14,708","0.031849354%","1:3,140"
487,Ewoi,"14,607","0.031630645%","1:3,161"
488,Muthini,"14,549","0.031505049%","1:3,174"
489,Khalif,"14,541","0.031487725%","1:3,176"
490,Sila,"14,538","0.031481229%","1:3,176"
491,Mwihaki,"14,495","0.031388115%","1:3,186"
492,Maroa,"14,479","0.031353468%","1:3,189"
493,Ekiru,"14,465","0.031323151%","1:3,193"
494,Jelimo,"14,389","0.031158578%","1:3,209"
495,Ngina,"14,246","0.030848919%","1:3,242"
496,Ojiambo,"14,221","0.030794783%","1:3,247"
497,Chengo,"14,207","0.030764467%","1:3,251"
498,Kagendo,"14,191","0.030729820%","1:3,254"
499,Gichuhi,"14,179","0.030703834%","1:3,257"
500,Matheka,"14,168","0.030680014%","1:3,259"
501,Mulei,"14,156","0.030654029%","1:3,262"
502,Kangogo,"14,154","0.030649698%","1:3,263"
503,Brian,"14,138","0.030615051%","1:3,266"
504,George,"14,124","0.030584735%","1:3,270"
505,Mulongo,"14,096","0.030524102%","1:3,276"
506,Murigi,"14,005","0.030327047%","1:3,297"
507,Kiptum,"14,004","0.030324882%","1:3,298"
508,Kipyego,"13,999","0.030314054%","1:3,299"
509,Ndambuki,"13,980","0.030272911%","1:3,303"
510,Kandie,"13,963","0.030236098%","1:3,307"
511,Muasya,"13,955","0.030218775%","1:3,309"
512,Warui,"13,945","0.030197120%","1:3,312"
513,Kipkogei,"13,875","0.030045539%","1:3,328"
514,Chebii,"13,853","0.029997900%","1:3,334"
515,Kombe,"13,836","0.029961087%","1:3,338"
516,Jepleting,"13,819","0.029924274%","1:3,342"
517,Adow,"13,760","0.029796513%","1:3,356"
518,Ngatia,"13,751","0.029777024%","1:3,358"
519,Musungu,"13,727","0.029725054%","1:3,364"
520,Njihia,"13,723","0.029716392%","1:3,365"
521,Nyakio,"13,722","0.029714226%","1:3,365"
522,Murunga,"13,587","0.029421891%","1:3,399"
523,Amondi,"13,554","0.029350432%","1:3,407"
524,Wamuyu,"13,514","0.029263814%","1:3,417"
525,Abdikadir,"13,503","0.029239994%","1:3,420"
526,Muindi,"13,500","0.029233498%","1:3,421"
527,Mwalimu,"13,470","0.029168534%","1:3,428"
528,Chelagat,"13,447","0.029118729%","1:3,434"
529,Mutemi,"13,436","0.029094909%","1:3,437"
529,Thomas,"13,436","0.029094909%","1:3,437"
531,Ndwiga,"13,370","0.028951990%","1:3,454"
532,Serem,"13,358","0.028926005%","1:3,457"
533,Athman,"13,333","0.028871868%","1:3,464"
534,Yusuf,"13,330","0.028865372%","1:3,464"
535,Mong'are,"13,296","0.028791747%","1:3,473"
536,Kimanthi,"13,270","0.028735446%","1:3,480"
537,Nyang'au,"13,267","0.028728949%","1:3,481"
538,Adongo,"13,138","0.028449607%","1:3,515"
539,Mulinge,"13,101","0.028369485%","1:3,525"
540,Muya,"13,070","0.028302357%","1:3,533"
541,Chemtai,"13,056","0.028272040%","1:3,537"
542,Nyamweya,"12,993","0.028135617%","1:3,554"
543,Syombua,"12,946","0.028033842%","1:3,567"
544,Kalume,"12,926","0.027990533%","1:3,573"
545,Miriti,"12,904","0.027942893%","1:3,579"
546,Mahat,"12,900","0.027934231%","1:3,580"
547,Bwire,"12,895","0.027923404%","1:3,581"
548,Kamene,"12,766","0.027644062%","1:3,617"
549,Wanza,"12,662","0.027418855%","1:3,647"
550,Muchui,"12,654","0.027401532%","1:3,649"
551,Muoki,"12,626","0.027340899%","1:3,658"
552,Ndichu,"12,616","0.027319245%","1:3,660"
553,Yator,"12,595","0.027273771%","1:3,667"
554,Kimaiyo,"12,589","0.027260778%","1:3,668"
555,Ndunda,"12,576","0.027232627%","1:3,672"
556,Gikonyo,"12,552","0.027180657%","1:3,679"
557,Bosibori,"12,544","0.027163333%","1:3,681"
558,Mwania,"12,490","0.027046399%","1:3,697"
559,Muthuri,"12,461","0.026983601%","1:3,706"
560,Ogolla,"12,433","0.026922969%","1:3,714"
561,Thuranira,"12,420","0.026894818%","1:3,718"
562,Musimbi,"12,402","0.026855840%","1:3,724"
563,Wabwire,"12,325","0.026689101%","1:3,747"
564,Nyaguthii,"12,302","0.026639295%","1:3,754"
565,Munywoki,"12,269","0.026567836%","1:3,764"
566,Muhia,"12,268","0.026565670%","1:3,764"
567,Kadenge,"12,176","0.026366449%","1:3,793"
568,Thoya,"12,165","0.026342630%","1:3,796"
569,Keya,"12,153","0.026316644%","1:3,800"
570,Okech,"12,129","0.026264674%","1:3,807"
571,Kiio,"12,103","0.026208372%","1:3,816"
572,Mongare,"12,038","0.026067618%","1:3,836"
573,Mwongeli,"11,878","0.025721147%","1:3,888"
574,Ongeri,"11,875","0.025714651%","1:3,889"
575,Onsongo,"11,870","0.025703824%","1:3,890"
576,Kennedy,"11,842","0.025643191%","1:3,900"
577,Mbatha,"11,804","0.025560904%","1:3,912"
578,Joshua,"11,799","0.025550077%","1:3,914"
579,Nyangau,"11,726","0.025392000%","1:3,938"
580,Githaiga,"11,717","0.025372511%","1:3,941"
581,Maithya,"11,703","0.025342194%","1:3,946"
582,Edin,"11,626","0.025175455%","1:3,972"
583,Kanyi,"11,593","0.025103995%","1:3,983"
584,Kogo,"11,548","0.025006550%","1:3,999"
585,Muchoki,"11,518","0.024941587%","1:4,009"
586,Maloba,"11,480","0.024859300%","1:4,023"
587,Isaac,"11,398","0.024681734%","1:4,052"
588,Kimotho,"11,392","0.024668741%","1:4,054"
589,Ndiema,"11,378","0.024638425%","1:4,059"
590,Muuo,"11,366","0.024612440%","1:4,063"
591,Etyang,"11,349","0.024575627%","1:4,069"
592,Kipkemei,"11,308","0.024486844%","1:4,084"
593,Ngui,"11,306","0.024482513%","1:4,085"
594,Julius,"11,304","0.024478182%","1:4,085"
595,Njuki,"11,291","0.024450031%","1:4,090"
596,Kipleting,"11,281","0.024428377%","1:4,094"
597,Wabwile,"11,234","0.024326601%","1:4,111"
598,Jepkirui,"11,174","0.024196674%","1:4,133"
599,Sakwa,"11,169","0.024185847%","1:4,135"
600,Kananu,"11,107","0.024051590%","1:4,158"
601,Masila,"11,093","0.024021273%","1:4,163"
602,Marwa,"11,053","0.023934656%","1:4,178"
603,Mutindi,"11,021","0.023865361%","1:4,190"
604,Kundu,"11,011","0.023843707%","1:4,194"
605,Amina,"10,993","0.023804729%","1:4,201"
606,Kang'ethe,"10,984","0.023785240%","1:4,204"
607,Mwaka,"10,983","0.023783074%","1:4,205"
608,Onyancha,"10,968","0.023750593%","1:4,210"
609,Galgallo,"10,952","0.023715946%","1:4,217"
610,Kaburu,"10,908","0.023620666%","1:4,234"
611,Godana,"10,833","0.023458258%","1:4,263"
612,Kilonzi,"10,826","0.023443100%","1:4,266"
613,Bare,"10,825","0.023440934%","1:4,266"
614,Muchai,"10,792","0.023369475%","1:4,279"
615,Wasonga,"10,759","0.023298015%","1:4,292"
616,Naibei,"10,731","0.023237382%","1:4,303"
617,Ngumbao,"10,721","0.023215728%","1:4,307"
618,Kiboi,"10,699","0.023168088%","1:4,316"
619,Koros,"10,697","0.023163757%","1:4,317"
620,Rioba,"10,680","0.023126945%","1:4,324"
621,Philip,"10,637","0.023033831%","1:4,341"
622,Nyambane,"10,636","0.023031665%","1:4,342"
623,Muthiani,"10,634","0.023027334%","1:4,343"
624,Ngunjiri,"10,613","0.022981860%","1:4,351"
625,King'ori,"10,594","0.022940717%","1:4,359"
626,Ndiwa,"10,588","0.022927724%","1:4,362"
627,Wangare,"10,586","0.022923393%","1:4,362"
628,Esekon,"10,579","0.022908235%","1:4,365"
629,Kivuva,"10,572","0.022893077%","1:4,368"
630,Kobia,"10,571","0.022890911%","1:4,369"
631,Akumu,"10,569","0.022886581%","1:4,369"
632,Ramadhan,"10,518","0.022776143%","1:4,391"
633,Esinyen,"10,503","0.022743661%","1:4,397"
634,Apiyo,"10,490","0.022715510%","1:4,402"
635,Kasyoka,"10,473","0.022678698%","1:4,409"
636,Wako,"10,442","0.022611569%","1:4,423"
637,Situma,"10,418","0.022559598%","1:4,433"
638,Kadzo,"10,412","0.022546606%","1:4,435"
639,Mbula,"10,403","0.022527117%","1:4,439"
640,Gichuru,"10,398","0.022516290%","1:4,441"
641,Oyoo,"10,383","0.022483808%","1:4,448"
642,William,"10,374","0.022464319%","1:4,452"
643,Gitahi,"10,372","0.022459988%","1:4,452"
644,Nyamawi,"10,336","0.022382032%","1:4,468"
645,Kibor,"10,321","0.022349550%","1:4,474"
646,Nzau,"10,317","0.022340889%","1:4,476"
647,Wawire,"10,300","0.022304076%","1:4,483"
648,Ngei,"10,295","0.022293249%","1:4,486"
649,Cheboi,"10,243","0.022180646%","1:4,508"
650,Kagwiria,"10,238","0.022169818%","1:4,511"
651,Okelo,"10,235","0.022163322%","1:4,512"
652,Jimale,"10,204","0.022096193%","1:4,526"
653,Moseti,"10,181","0.022046388%","1:4,536"
654,Patrick,"10,173","0.022029065%","1:4,539"
655,Martin,"10,116","0.021905634%","1:4,565"
656,Kitur,"10,099","0.021868822%","1:4,573"
657,Ogeto,"10,085","0.021838505%","1:4,579"
658,Kiiru,"10,072","0.021810355%","1:4,585"
659,Ogega,"10,068","0.021801693%","1:4,587"
660,Khamis,"10,059","0.021782204%","1:4,591"
661,Mawira,"10,032","0.021723737%","1:4,603"
662,Jepngetich,"10,026","0.021710744%","1:4,606"
663,Nur,"10,004","0.021663105%","1:4,616"
664,Boke,"9,971","0.021591645%","1:4,631"
665,Maundu,"9,964","0.021576487%","1:4,635"
665,Tuwei,"9,964","0.021576487%","1:4,635"
667,Nyangweso,"9,955","0.021556998%","1:4,639"
668,Wakhungu,"9,902","0.021442229%","1:4,664"
669,Kungu,"9,897","0.021431402%","1:4,666"
670,Wanjau,"9,861","0.021353446%","1:4,683"
671,Ekal,"9,849","0.021327461%","1:4,689"
672,Lumumba,"9,839","0.021305806%","1:4,694"
673,Sitienei,"9,831","0.021288483%","1:4,697"
674,Muraya,"9,808","0.021238677%","1:4,708"
675,Kiilu,"9,771","0.021158556%","1:4,726"
676,Nyamu,"9,719","0.021045953%","1:4,752"
677,Orwa,"9,714","0.021035126%","1:4,754"
678,Waruguru,"9,711","0.021028629%","1:4,755"
679,Kimaru,"9,709","0.021024298%","1:4,756"
680,Fondo,"9,701","0.021006975%","1:4,760"
681,Muktar,"9,688","0.020978824%","1:4,767"
682,Kangethe,"9,641","0.020877048%","1:4,790"
683,Jepkogei,"9,617","0.020825078%","1:4,802"
684,Nasambu,"9,578","0.020740625%","1:4,821"
685,Ekeno,"9,544","0.020667000%","1:4,839"
686,Ngige,"9,541","0.020660504%","1:4,840"
687,Obuya,"9,513","0.020599871%","1:4,854"
688,Okemwa,"9,471","0.020508923%","1:4,876"
689,Robert,"9,445","0.020452621%","1:4,889"
690,Robi,"9,433","0.020426636%","1:4,896"
691,Matano,"9,406","0.020368169%","1:4,910"
692,Mwongela,"9,374","0.020298875%","1:4,926"
693,Mutia,"9,373","0.020296709%","1:4,927"
694,Chumo,"9,347","0.020240408%","1:4,941"
695,Karambu,"9,346","0.020238242%","1:4,941"
696,Munyi,"9,337","0.020218753%","1:4,946"
697,Sitati,"9,322","0.020186272%","1:4,954"
698,Samson,"9,317","0.020175444%","1:4,957"
699,Jacob,"9,294","0.020125639%","1:4,969"
700,Gacheru,"9,287","0.020110481%","1:4,973"
701,Cherutich,"9,243","0.020015201%","1:4,996"
702,Abubakar,"9,227","0.019980554%","1:5,005"
703,Chepkemboi,"9,217","0.019958900%","1:5,010"
704,Abuga,"9,216","0.019956734%","1:5,011"
705,Mangale,"9,205","0.019932915%","1:5,017"
706,Muthike,"9,188","0.019896102%","1:5,026"
707,Jackson,"9,185","0.019889606%","1:5,028"
708,Mahamud,"9,182","0.019883109%","1:5,029"
709,Mawia,"9,180","0.019878778%","1:5,030"
710,Kimtai,"9,174","0.019865786%","1:5,034"
711,Nyagaka,"9,155","0.019824642%","1:5,044"
712,Wambura,"9,154","0.019822477%","1:5,045"
713,Odira,"9,139","0.019789995%","1:5,053"
714,Khamisi,"9,131","0.019772672%","1:5,057"
715,Kurui,"9,124","0.019757514%","1:5,061"
716,Murangiri,"9,046","0.019588609%","1:5,105"
717,Kairu,"9,044","0.019584278%","1:5,106"
718,Omwoyo,"9,004","0.019497660%","1:5,129"
719,Mbae,"9,002","0.019493329%","1:5,130"
720,Lelei,"8,985","0.019456517%","1:5,140"
721,Issa,"8,968","0.019419704%","1:5,149"
722,Kung'u,"8,931","0.019339583%","1:5,171"
723,Samoei,"8,918","0.019311432%","1:5,178"
724,Obare,"8,912","0.019298439%","1:5,182"
725,Theuri,"8,890","0.019250800%","1:5,195"
726,Samwel,"8,879","0.019226980%","1:5,201"
727,Wanga,"8,873","0.019213987%","1:5,205"
728,Roba,"8,845","0.019153355%","1:5,221"
729,Soita,"8,802","0.019060240%","1:5,247"
730,Mbaabu,"8,785","0.019023428%","1:5,257"
731,Mwero,"8,782","0.019016932%","1:5,258"
732,Ogada,"8,777","0.019006104%","1:5,261"
733,Lewa,"8,770","0.018990946%","1:5,266"
734,Kingori,"8,742","0.018930314%","1:5,283"
735,Obara,"8,738","0.018921652%","1:5,285"
736,Mutanu,"8,736","0.018917321%","1:5,286"
736,Sawe,"8,736","0.018917321%","1:5,286"
738,Murungi,"8,732","0.018908659%","1:5,289"
739,Awinja,"8,719","0.018880509%","1:5,296"
740,Nthiga,"8,717","0.018876178%","1:5,298"
741,Siele,"8,712","0.018865351%","1:5,301"
742,Baraza,"8,706","0.018852358%","1:5,304"
743,Nzai,"8,691","0.018819876%","1:5,314"
744,Mogire,"8,685","0.018806884%","1:5,317"
745,Mwinzi,"8,629","0.018685619%","1:5,352"
746,Maluki,"8,623","0.018672626%","1:5,355"
747,Muthengi,"8,586","0.018592505%","1:5,379"
748,Bor,"8,579","0.018577346%","1:5,383"
749,Galgalo,"8,564","0.018544865%","1:5,392"
750,Mbiti,"8,563","0.018542699%","1:5,393"
751,Mauti,"8,560","0.018536203%","1:5,395"
752,Oginga,"8,559","0.018534038%","1:5,395"
753,Dida,"8,554","0.018523210%","1:5,399"
754,Nzilani,"8,541","0.018495060%","1:5,407"
755,Micheni,"8,533","0.018477736%","1:5,412"
756,Mitei,"8,525","0.018460412%","1:5,417"
757,Munyua,"8,523","0.018456082%","1:5,418"
758,Ogweno,"8,486","0.018375960%","1:5,442"
759,Terer,"8,472","0.018345644%","1:5,451"
760,Nafula,"8,456","0.018310997%","1:5,461"
761,Titus,"8,453","0.018304500%","1:5,463"
762,Ekitela,"8,447","0.018291508%","1:5,467"
763,Ambani,"8,410","0.018211386%","1:5,491"
764,Amoit,"8,390","0.018168077%","1:5,504"
765,Halake,"8,375","0.018135596%","1:5,514"
766,Naserian,"8,324","0.018025158%","1:5,548"
767,Cheyech,"8,316","0.018007835%","1:5,553"
768,Mumbe,"8,300","0.017973187%","1:5,564"
769,Gati,"8,287","0.017945037%","1:5,573"
770,Maweu,"8,259","0.017884404%","1:5,591"
771,Karuga,"8,256","0.017877908%","1:5,593"
772,Ndoro,"8,235","0.017832434%","1:5,608"
772,Ruwa,"8,235","0.017832434%","1:5,608"
774,Mwadime,"8,230","0.017821606%","1:5,611"
775,Duba,"8,218","0.017795621%","1:5,619"
776,Kageha,"8,204","0.017765305%","1:5,629"
777,Muga,"8,203","0.017763139%","1:5,630"
778,Krop,"8,194","0.017743650%","1:5,636"
779,Daud,"8,187","0.017728492%","1:5,641"
780,Nyanchama,"8,184","0.017721996%","1:5,643"
781,Muchira,"8,175","0.017702507%","1:5,649"
782,Akello,"8,161","0.017672191%","1:5,659"
783,Emuria,"8,141","0.017628882%","1:5,673"
784,Chesire,"8,133","0.017611558%","1:5,678"
785,Musee,"8,121","0.017585573%","1:5,686"
786,Njoka,"8,107","0.017555257%","1:5,696"
787,Ondiek,"8,100","0.017540099%","1:5,701"
788,Anyona,"8,098","0.017535768%","1:5,703"
789,Zawadi,"8,096","0.017531437%","1:5,704"
790,Huka,"8,089","0.017516279%","1:5,709"
791,Mahamed,"8,081","0.017498955%","1:5,715"
792,Yakub,"8,070","0.017475135%","1:5,722"
793,Kaberia,"8,050","0.017431826%","1:5,737"
794,Kisilu,"8,041","0.017412337%","1:5,743"
795,Thiong'o,"8,032","0.017392848%","1:5,749"
796,Busienei,"8,029","0.017386352%","1:5,752"
797,Wavinya,"8,023","0.017373359%","1:5,756"
798,Mwinyi,"8,014","0.017353870%","1:5,762"
799,Ombui,"7,973","0.017265087%","1:5,792"
800,Mukundi,"7,959","0.017234771%","1:5,802"
801,Hillow,"7,938","0.017189297%","1:5,818"
802,Keitany,"7,931","0.017174139%","1:5,823"
803,Chomba,"7,915","0.017139491%","1:5,834"
804,Bulle,"7,904","0.017115672%","1:5,843"
805,Mwema,"7,899","0.017104844%","1:5,846"
806,Karuri,"7,898","0.017102679%","1:5,847"
807,Mwathi,"7,875","0.017052874%","1:5,864"
808,Soi,"7,864","0.017029054%","1:5,872"
809,Evans,"7,805","0.016901293%","1:5,917"
810,Imali,"7,803","0.016896962%","1:5,918"
811,Migwi,"7,774","0.016834164%","1:5,940"
812,Ratemo,"7,766","0.016816840%","1:5,946"
813,Mutio,"7,749","0.016780028%","1:5,959"
814,Alex,"7,748","0.016777862%","1:5,960"
815,Misiko,"7,739","0.016758373%","1:5,967"
816,Oyaro,"7,714","0.016704237%","1:5,987"
817,Abdulla,"7,709","0.016693410%","1:5,990"
818,Benson,"7,707","0.016689079%","1:5,992"
818,Kithome,"7,707","0.016689079%","1:5,992"
820,Mwamburi,"7,702","0.016678252%","1:5,996"
821,Ngome,"7,699","0.016671755%","1:5,998"
822,Ayieko,"7,698","0.016669590%","1:5,999"
822,Okuku,"7,698","0.016669590%","1:5,999"
824,Richard,"7,687","0.016645770%","1:6,008"
825,Eyanae,"7,674","0.016617619%","1:6,018"
826,Kabiru,"7,652","0.016569980%","1:6,035"
827,Gichohi,"7,646","0.016556987%","1:6,040"
828,Nyabuti,"7,641","0.016546160%","1:6,044"
829,Abdow,"7,638","0.016539663%","1:6,046"
829,Joel,"7,638","0.016539663%","1:6,046"
831,Kitonga,"7,626","0.016513678%","1:6,056"
832,Nyale,"7,621","0.016502851%","1:6,060"
833,Towett,"7,619","0.016498520%","1:6,061"
834,Mati,"7,615","0.016489858%","1:6,064"
835,Ekidor,"7,610","0.016479031%","1:6,068"
836,Mutahi,"7,606","0.016470369%","1:6,072"
837,Mmboga,"7,593","0.016442218%","1:6,082"
838,Oduori,"7,566","0.016383751%","1:6,104"
839,Changawa,"7,564","0.016379420%","1:6,105"
840,Nyangaresi,"7,561","0.016372924%","1:6,108"
841,Maranga,"7,542","0.016331781%","1:6,123"
842,Kalekye,"7,531","0.016307961%","1:6,132"
843,Wanje,"7,526","0.016297134%","1:6,136"
844,Kiama,"7,522","0.016288472%","1:6,139"
845,Muimi,"7,517","0.016277645%","1:6,143"
846,Gicheru,"7,479","0.016195358%","1:6,175"
847,Salah,"7,478","0.016193192%","1:6,175"
848,Eregae,"7,468","0.016171538%","1:6,184"
849,Jarso,"7,464","0.016162876%","1:6,187"
850,Sande,"7,450","0.016132560%","1:6,199"
851,Kakai,"7,445","0.016121733%","1:6,203"
852,Swaleh,"7,389","0.016000468%","1:6,250"
853,Chenangat,"7,384","0.015989641%","1:6,254"
854,Ngao,"7,359","0.015935504%","1:6,275"
855,Nyambu,"7,352","0.015920346%","1:6,281"
856,Onditi,"7,330","0.015872707%","1:6,300"
857,Bonaya,"7,315","0.015840225%","1:6,313"
858,Nandwa,"7,312","0.015833729%","1:6,316"
859,Chebon,"7,295","0.015796916%","1:6,330"
860,Mwakio,"7,289","0.015783923%","1:6,336"
861,Mnangat,"7,202","0.015595530%","1:6,412"
862,Lemayian,"7,201","0.015593364%","1:6,413"
863,Erupe,"7,188","0.015565213%","1:6,425"
864,Rugut,"7,184","0.015556552%","1:6,428"
865,Mule,"7,182","0.015552221%","1:6,430"
866,Gona,"7,169","0.015524070%","1:6,442"
867,Maitha,"7,163","0.015511077%","1:6,447"
868,Gachoki,"7,158","0.015500250%","1:6,452"
869,Musila,"7,157","0.015498085%","1:6,452"
870,Odinga,"7,147","0.015476430%","1:6,461"
871,Dennis,"7,133","0.015446114%","1:6,474"
872,Gichana,"7,132","0.015443949%","1:6,475"
873,Chai,"7,105","0.015385482%","1:6,500"
873,Muhoro,"7,105","0.015385482%","1:6,500"
875,Jama,"7,095","0.015363827%","1:6,509"
876,Nakhumicha,"7,093","0.015359496%","1:6,511"
877,Jemeli,"7,091","0.015355165%","1:6,512"
878,Mundia,"7,087","0.015346504%","1:6,516"
879,Junior,"7,065","0.015298864%","1:6,536"
880,Wamboi,"7,062","0.015292367%","1:6,539"
881,Vaati,"7,054","0.015275044%","1:6,547"
882,Fundi,"7,042","0.015249059%","1:6,558"
883,Menza,"7,028","0.015218742%","1:6,571"
884,Muchemi,"7,016","0.015192757%","1:6,582"
885,Victor,"7,009","0.015177599%","1:6,589"
886,Kituku,"6,992","0.015140786%","1:6,605"
887,Kiogora,"6,978","0.015110470%","1:6,618"
888,Makungu,"6,956","0.015062830%","1:6,639"
889,Pkemoi,"6,943","0.015034680%","1:6,651"
890,Jumba,"6,921","0.014987040%","1:6,672"
891,Wechuli,"6,906","0.014954558%","1:6,687"
892,Moturi,"6,897","0.014935069%","1:6,696"
893,Kajuju,"6,889","0.014917746%","1:6,703"
894,Mayaka,"6,883","0.014904753%","1:6,709"
895,Yatich,"6,859","0.014852782%","1:6,733"
896,Mbaka,"6,858","0.014850617%","1:6,734"
897,Kibiwott,"6,849","0.014831128%","1:6,743"
898,Mucheru,"6,846","0.014824631%","1:6,746"
899,Gure,"6,845","0.014822466%","1:6,747"
900,Ngaruiya,"6,841","0.014813804%","1:6,750"
901,Okongo,"6,831","0.014792150%","1:6,760"
902,Munguti,"6,827","0.014783488%","1:6,764"
902,Ngotho,"6,827","0.014783488%","1:6,764"
904,Mamo,"6,825","0.014779157%","1:6,766"
905,Muthami,"6,810","0.014746676%","1:6,781"
906,Benard,"6,806","0.014738014%","1:6,785"
907,Ondari,"6,800","0.014725021%","1:6,791"
908,Otiende,"6,795","0.014714194%","1:6,796"
909,Mzungu,"6,793","0.014709863%","1:6,798"
910,Ombasa,"6,775","0.014670885%","1:6,816"
911,Kimosop,"6,763","0.014644900%","1:6,828"
912,Jelagat,"6,757","0.014631907%","1:6,834"
912,Muchangi,"6,757","0.014631907%","1:6,834"
914,Aloo,"6,748","0.014612418%","1:6,843"
915,Abdiaziz,"6,745","0.014605922%","1:6,847"
916,Andrew,"6,734","0.014582102%","1:6,858"
916,Gedi,"6,734","0.014582102%","1:6,858"
918,Matara,"6,733","0.014579936%","1:6,859"
919,Kelvin,"6,696","0.014499815%","1:6,897"
919,Mwendia,"6,696","0.014499815%","1:6,897"
921,Karwitha,"6,655","0.014411032%","1:6,939"
922,Apondi,"6,638","0.014374219%","1:6,957"
923,Barongo,"6,637","0.014372054%","1:6,958"
924,Chepkwemoi,"6,636","0.014369888%","1:6,959"
925,Mukoya,"6,634","0.014365557%","1:6,961"
926,Minayo,"6,625","0.014346068%","1:6,971"
927,Masese,"6,624","0.014343903%","1:6,972"
928,Ziro,"6,618","0.014330910%","1:6,978"
929,Kwemoi,"6,610","0.014313587%","1:6,986"
930,Wakio,"6,591","0.014272443%","1:7,007"
931,Munyiva,"6,588","0.014265947%","1:7,010"
932,Saidi,"6,586","0.014261616%","1:7,012"
933,Chepkosgei,"6,579","0.014246458%","1:7,019"
934,Yaa,"6,568","0.014222638%","1:7,031"
935,Achola,"6,566","0.014218307%","1:7,033"
936,Mambo,"6,562","0.014209645%","1:7,037"
937,Jelle,"6,538","0.014157675%","1:7,063"
938,Tirop,"6,537","0.014155509%","1:7,064"
939,Mbui,"6,533","0.014146847%","1:7,069"
940,Komora,"6,526","0.014131689%","1:7,076"
941,Abdifatah,"6,525","0.014129524%","1:7,077"
942,Mageto,"6,523","0.014125193%","1:7,080"
943,Kamathi,"6,522","0.014123028%","1:7,081"
943,Kanja,"6,522","0.014123028%","1:7,081"
945,Gathogo,"6,501","0.014077553%","1:7,104"
945,Mutune,"6,501","0.014077553%","1:7,104"
947,Wabomba,"6,490","0.014053733%","1:7,116"
948,Kiptui,"6,487","0.014047237%","1:7,119"
949,Gatimu,"6,477","0.014025583%","1:7,130"
949,Jomo,"6,477","0.014025583%","1:7,130"
951,Meli,"6,470","0.014010424%","1:7,138"
952,Dagane,"6,466","0.014001763%","1:7,142"
953,Mutungi,"6,452","0.013971446%","1:7,157"
954,Mumba,"6,440","0.013945461%","1:7,171"
955,Weru,"6,438","0.013941130%","1:7,173"
956,Kabui,"6,416","0.013893490%","1:7,198"
956,Kaimenyi,"6,416","0.013893490%","1:7,198"
958,Kimemia,"6,410","0.013880498%","1:7,204"
959,Musya,"6,404","0.013867505%","1:7,211"
960,Jepkemei,"6,389","0.013835023%","1:7,228"
961,Saina,"6,381","0.013817700%","1:7,237"
962,Kaloki,"6,380","0.013815534%","1:7,238"
963,Elijah,"6,370","0.013793880%","1:7,250"
964,Kibiwot,"6,369","0.013791715%","1:7,251"
965,Kiti,"6,358","0.013767895%","1:7,263"
966,Nzisa,"6,350","0.013750571%","1:7,272"
967,Kiema,"6,339","0.013726751%","1:7,285"
968,Mogeni,"6,335","0.013718089%","1:7,290"
969,Wanjugu,"6,332","0.013711593%","1:7,293"
970,Birgen,"6,328","0.013702931%","1:7,298"
971,Shariff,"6,326","0.013698600%","1:7,300"
972,Gachanja,"6,324","0.013694270%","1:7,302"
973,Osiemo,"6,318","0.013681277%","1:7,309"
974,Onyiego,"6,317","0.013679111%","1:7,310"
975,Iminza,"6,298","0.013637968%","1:7,332"
976,Muange,"6,289","0.013618479%","1:7,343"
977,Musumba,"6,288","0.013616314%","1:7,344"
978,Bore,"6,282","0.013603321%","1:7,351"
979,Saruni,"6,275","0.013588163%","1:7,359"
980,Mwololo,"6,274","0.013585997%","1:7,361"
981,Abdinoor,"6,267","0.013570839%","1:7,369"
982,Awadh,"6,244","0.013521034%","1:7,396"
983,Jefwa,"6,236","0.013503710%","1:7,405"
983,Lumbasi,"6,236","0.013503710%","1:7,405"
985,Wangai,"6,219","0.013466898%","1:7,426"
986,Nyoike,"6,217","0.013462567%","1:7,428"
987,Wanzala,"6,211","0.013449574%","1:7,435"
988,Saitoti,"6,207","0.013440913%","1:7,440"
989,Adam,"6,198","0.013421424%","1:7,451"
990,Mogere,"6,172","0.013365122%","1:7,482"
991,Benjamin,"6,171","0.013362957%","1:7,483"
992,Kaari,"6,156","0.013330475%","1:7,502"
993,Muraguri,"6,152","0.013321813%","1:7,506"
994,Sidi,"6,151","0.013319648%","1:7,508"
995,Nyawa,"6,138","0.013291497%","1:7,524"
996,Kevin,"6,126","0.013265512%","1:7,538"
997,Omweri,"6,120","0.013252519%","1:7,546"
998,Maghanga,"6,115","0.013241692%","1:7,552"
998,Nafuna,"6,115","0.013241692%","1:7,552"
1000,Angwenyi,"6,112","0.013235195%","1:7,556"